5481433373881116,IMU_,0.382272,-8.00459,0.150858,1.55753,7.53119,-2.28327
5481433373944756,Lidar_,28.5069,21.2928,96.3448,76.5512,63.8013,53.3926,69.5129,28.4594,18.8158,2.63564,48.2314,40.402,42.1687,50.7835,40.0222,44.0627,7.38465,65.0062,73.7089,22.6713,47.5529,35.8439,15.2535,56.0426,98.9909,79.0393,53.0345,22.0612,57.3772,72.831,86.0903,5.23792,82.1394,42.9326,89.2287,53.2759,0.65775,69.6089,18.1408,46.2696,51.1168,17.4044,53.0278,93.4282,50.2118,19.8179,80.9227,59.352,97.4488,29.2769,6.01824,51.8111,82.6632,40.1938,55.5012,5.83986,42.8739,97.5831,74.5869,71.1372,75.8275,93.5417,9.14029,69.7823,99.0043,67.3006,64.7444,96.2771,40.5024,81.2245,93.9522,46.618,37.5952,52.2435,64.7366,42.4397,33.8436,65.2473,47.5383,23.2805,64.107,67.0686,74.0079,70.1169,94.0612,92.4925,42.0824,99.1618,84.4659,31.5386,79.5425,24.5077,72.4439,76.8707,63.9929,66.9929,8.60711,31.3349,63.8235,75.1872,46.9877,31.2027,19.7207,99.1438,88.7813,13.4059,13.9764,95.3982,38.1,38.5991,27.483,80.624,72.6483,39.7882,22.269,72.9405,41.3474,18.5109,52.5887,46.6153,63.724,59.6348,99.859,66.9754,40.3291,70.1828,89.5593,65.552,16.5557,76.4534,35.714,45.1112,28.523,88.2759,56.367,14.9961,23.9407,22.0578,3.71341,76.7485,20.2234,13.2711,38.2938,0.00487249,29.3439,44.1651,59.4799,47.4296,65.084,51.1242,89.1872,31.8687,22.0032,43.5715,32.5303,86.722,11.136,78.8096,48.2256,2.67467,8.25428,14.0894,95.9135,27.3038,72.076,42.684,71.9731,43.2841,64.4696,33.6308,94.5046,41.5531,80.9845,39.7078,61.8187,42.2712,1.24031,53.2938,93.7732,73.9885,82.3829,54.1085,53.327,82.1742,39.9121,20.6082,63.4516,37.4335,69.4613,42.0812,89.7162,27.3975,57.9926,49.3875,58.5622,54.1197,11.7441,10.5791,11.3125,11.5869,33.2267,22.0007,59.3314,37.0231,75.2198,57.7524,30.1869,30.7437,5.87925,86.2925,81.8257,36.0394,38.9664,18.3679,91.0774,55.6959,15.8018,26.8296,53.1146,61.9105,21.0842,18.4167,14.2679,56.7377,25.6217,45.9787,97.396,20.4025,62.8561,41.9765,48.8476,29.3112,38.0891,19.0257,9.75518,12.2403,38.2205,53.3508,91.0658,36.2179,0.37152,82.6314,90.9696,97.1117,71.689,86.4624,98.6699,84.475,73.0495,43.7312,94.5374,30.438,56.0394,67.0443,1.584,1.91287,80.9782,62.9753,82.4654,7.32457,10.9448,58.3077,52.9036,56.8689,56.9775,88.9533,32.0006,50.4732,4.14639,7.05137,10.5652,31.3282,10.6233,74.7566,3.35148,57.0763,90.6084,78.7248,67.2141,22.1916,38.7268,69.8809,22.9019,59.0463,35.3785,25.232,71.457,54.6058,40.0669,35.7075,91.3167,31.0997,14.3414,91.9777,51.93,34.8819,5.07941,19.9581,80.5428,59.6925,30.8987,27.9355,51.938,88.492,79.9843,47.9304,93.3239,82.9991,91.2411,55.8362,12.8484,43.4127,44.9428,29.4141,78.7293,41.6545,85.7132,25.1637,54.9225,87.0109,98.1697,80.2603,70.5492,82.5785,27.132,25.1733,9.08331,84.6995,58.3806,20.6606,34.9638,20.5306,4.42671,19.9974,63.8825,26.1875,24.0433,88.2049,8.15162,13.9237,97.0557,28.9201,39.7922,99.8845,53.7616,36.9993,10.792,67.2023,80.7825,61.5114,82.855,54.1485,67.8297,39.8581,2.75592,28.7369,42.6903,62.8502,63.2148,40.5767
5481433374404158,IMU_,2.09751,9.0242,1.91731,2.04244,-1.8119,-5.41835
5481433374445535,Lidar_,61.7484,42.9002,7.91551,42.5928,63.8476,37.299,68.4991,43.043,47.4999,42.4345,55.9441,15.0574,83.9452,86.7974,88.95,55.1451,71.5275,65.4889,55.7029,95.5195,91.5162,53.3052,7.01106,44.5195,82.5469,66.174,8.83082,64.3358,52.9192,32.616,42.1454,48.1732,9.61607,4.24957,74.4043,51.457,16.1253,10.5591,90.8913,84.5843,74.1942,60.3174,37.9729,83.8918,64.0927,46.9349,82.3668,11.982,72.2411,88.2625,52.2653,29.8807,88.767,46.6132,93.0502,23.2205,71.809,18.557,90.474,2.6115,72.0944,53.0514,11.8944,82.9412,23.7666,33.5599,59.2406,61.4837,99.9016,40.7685,74.3733,81.5248,77.6454,12.0558,15.9126,70.2782,27.4054,38.6963,90.4765,53.596,67.3448,4.87793,92.5064,38.4101,69.0802,40.4402,86.1255,90.4609,32.3437,25.3054,12.3629,6.90748,83.1673,9.48079,87.8143,28.7759,21.891,8.53833,10.5864,5.91502,54.0023,6.45299,41.8455,86.379,34.3725,67.8433,96.46,15.0624,71.4917,7.07543,82.9134,61.7013,83.912,23.5921,9.81712,61.5177,20.8027,86.0261,61.8998,38.9318,77.7057,90.2137,42.1989,72.602,75.9417,55.2367,18.3198,91.451,95.6625,12.3709,11.7955,65.9781,12.13,95.4687,90.9692,92.5232,94.6218,24.0399,35.4445,6.31005,5.77133,5.30812,36.6274,10.3932,62.072,60.175,19.2789,39.4282,88.13,78.9214,25.5213,51.3833,48.677,74.9303,74.5246,95.3072,17.3159,31.3668,57.9382,25.9892,80.0169,97.8513,54.0738,65.3205,67.9627,64.4673,33.0427,48.2925,17.5623,13.7975,4.90901,89.0942,28.4032,93.0198,35.8781,46.7491,23.0009,61.4525,9.86537,68.3382,56.1506,41.163,91.6706,8.04897,14.8439,79.9927,76.7597,17.0245,66.3313,64.7215,59.2902,77.5031,92.8056,41.0721,15.1635,53.5478,1.36451,94.9368,95.539,66.6317,37.8514,59.0021,85.143,4.29393,2.49062,36.2856,0.771343,91.4161,70.8339,42.2341,56.6573,53.5808,86.8561,86.8472,86.745,46.9841,50.4695,61.0746,33.6428,91.5506,42.6604,22.6168,35.092,9.38839,85.1511,47.9482,47.9902,69.0427,55.4241,62.8132,70.4029,23.72,79.0946,48.3368,85.3664,97.4025,67.9481,60.567,19.3427,7.42998,53.0836,53.5148,14.1693,38.6976,56.9452,24.1001,81.543,86.9035,0.184518,7.42351,22.5028,60.5011,25.4945,88.6565,54.4848,67.8704,11.7529,17.071,97.7494,25.2104,55.8672,30.9032,97.6055,19.7551,81.7571,55.9031,79.2136,96.5777,28.4429,70.8261,28.6339,16.6618,95.2668,27.0673,11.3085,63.0101,69.8173,1.94998,49.1516,57.1632,26.8439,89.9891,22.5905,44.5234,56.0246,28.4856,31.9154,76.5974,50.3471,87.7611,3.27724,65.4754,21.483,41.2282,13.3471,68.6388,14.5343,73.2361,13.7367,25.716,55.7372,73.4714,3.4213,89.0005,40.6545,5.85718,1.67625,62.6923,49.6287,79.4151,69.2488,37.4608,78.3771,34.43,73.2492,25.3854,97.2539,38.5663,37.268,84.0995,10.4031,84.7263,40.832,7.9085,76.0972,25.8942,4.17075,25.5235,65.9862,76.4488,93.4637,21.4899,65.4341,25.0506,94.3481,45.0464,73.2266,9.22444,27.8261,55.3554,52.6696,2.84372,64.6428,58.5843,59.2533,17.2633,26.1169,51.1374,53.1794,49.5962,11.2024,47.1952,47.6132,89.3839,49.9795,20.7077,26.767,86.3645,73.2433,88.5803
5481433375126677,IMU_,7.44295,-2.71369,-0.0889978,8.61848,-4.69847,5.30594
5481433375200368,Lidar_,85.2883,39.1136,63.7864,49.395,3.51789,56.4565,49.5789,73.0565,35.866,11.6799,79.5371,70.1178,46.8405,62.6828,58.8157,8.84594,99.6767,54.5991,83.2136,61.834,59.7725,1.20354,88.3354,71.3675,38.5229,50.6051,75.3382,1.76914,21.3143,5.36133,98.7157,43.8694,68.5797,52.2607,81.0768,52.9223,27.0587,55.3789,25.1239,54.7866,83.1538,80.4835,37.4207,57.6866,19.9802,68.411,60.4882,21.1914,92.8131,75.809,1.23715,78.531,69.3675,86.0309,9.35144,44.6627,28.5505,91.7519,91.6099,64.7683,65.8776,52.7105,56.4661,35.9641,44.9008,23.5642,43.2857,38.9783,58.4184,62.511,25.3913,36.1202,27.5769,5.10482,38.7954,99.5158,67.7877,86.912,7.13606,90.5466,23.2865,94.4276,97.0548,72.6877,28.1239,58.7225,74.9807,1.39327,64.7485,65.8543,25.364,62.0052,98.6574,45.923,90.8412,31.3922,37.6864,56.3487,78.4415,0.445273,74.6645,94.2242,74.9484,6.05959,80.1753,70.8292,23.5454,91.1379,30.2152,63.5965,35.513,87.6919,21.6323,25.4784,48.288,75.624,35.1145,2.73905,85.2127,37.0448,57.0509,72.058,38.6419,71.4761,66.3913,67.3236,33.9729,33.275,65.1901,10.1626,58.2795,43.7641,56.086,45.8691,7.06093,93.0054,88.844,36.8223,88.6508,12.2967,12.5326,32.063,36.5362,53.5004,66.7008,25.0293,95.3488,86.9961,82.5678,39.0475,7.07401,7.84403,86.4151,76.6416,41.039,28.2194,49.1984,40.2876,59.6015,63.7165,31.7567,97.9562,82.9879,82.1485,72.1473,97.3179,68.9793,64.7436,95.3029,49.8856,87.2886,0.796786,3.319,73.1748,6.24868,3.37038,7.51775,28.5891,56.9004,22.6971,10.9741,58.3473,21.0684,98.5729,70.293,3.29195,34.8976,61.1318,36.9195,24.213,76.1789,96.6707,91.4941,10.2379,13.0067,30.8947,2.55006,37.2294,18.8169,47.5298,20.9304,76.071,58.1677,96.6783,40.9822,53.6076,53.5314,65.5775,8.01208,98.6385,7.28194,42.8452,39.9218,23.5367,86.873,37.9222,27.5053,86.7473,87.7228,20.0042,16.9137,40.4832,87.0554,80.8211,32.7502,22.5395,76.1756,99.7687,72.4065,89.1883,29.759,67.6235,0.812377,95.9227,73.9412,32.1384,27.821,46.017,82.4441,76.6268,15.1484,95.6459,44.7576,74.0217,49.8815,95.2386,17.6574,84.6335,28.7599,27.0519,47.0455,49.5668,75.5083,89.7263,50.7739,67.2082,67.7295,3.25868,90.9793,52.7318,34.3221,61.7118,41.3585,58.5374,56.3468,3.24298,70.6595,95.6099,64.7096,27.6899,21.9726,45.7134,74.1019,41.8038,42.5629,9.26748,44.2155,68.6829,79.9237,60.6206,78.988,9.30398,20.8187,2.62856,34.3673,85.4281,36.3461,60.5107,71.3255,12.1856,65.8659,35.8266,44.4555,52.2988,77.3248,71.6428,28.1979,60.1017,87.1201,71.839,31.8754,52.2046,61.329,10.6392,38.7422,58.9091,26.319,6.9092,55.7134,93.4224,8.62133,11.9009,97.5567,35.5511,94.8498,23.5608,17.5924,96.879,18.031,54.05,7.11074,30.573,38.5975,2.2865,77.3326,11.3974,51.3449,31.7268,85.403,12.5861,16.7246,38.3124,14.6035,91.3736,65.0355,42.5075,98.7474,87.1429,80.2059,90.062,4.50306,0.0870267,33.8001,10.2407,2.36646,40.7891,98.856,72.3205,31.4964,22.924,16.1702,60.9803,37.8136,55.7214,15.5939,71.8873,97.2978,86.3232,6.82351,13.8916
5481433375776077,IMU_,-2.10576,-4.55093,4.76232,8.89581,5.36333,-4.49845
5481433375823576,Lidar_,10.1973,71.4006,41.4156,68.9094,63.3119,75.8704,37.9046,6.18512,6.39293,94.5587,2.13926,25.0097,32.4654,65.7922,36.5037,56.3371,69.4761,66.392,27.4172,80.8805,3.64571,64.6627,83.6928,73.8247,60.4873,35.0547,45.5564,26.1457,82.8924,91.9865,8.89219,21.7284,46.449,98.4367,5.79878,57.4083,29.6015,47.1124,26.227,12.3243,82.3028,43.6998,16.837,62.9677,13.4305,5.78766,91.0393,46.6962,0.917195,92.8354,35.5689,75.3372,16.9016,21.7002,74.6239,84.1958,79.9057,64.2017,18.1682,3.21981,94.6057,62.0389,97.6397,94.3148,13.3451,30.9548,26.5675,61.4354,16.1004,17.1174,47.9555,33.3201,85.8419,58.3629,77.503,77.5169,82.1199,15.5797,12.1074,37.6375,49.9499,50.6828,21.7531,83.1932,7.67985,61.2709,45.6812,88.2549,84.6955,50.5154,52.0244,47.3027,28.5576,51.0738,55.9212,39.6154,23.6743,47.7966,52.1824,76.295,14.0824,13.9715,82.1367,53.0988,91.9658,36.3406,92.4619,3.48327,13.5711,9.67082,4.12182,90.0934,34.5787,80.6609,16.4374,20.667,11.7693,69.6512,63.6638,33.8247,9.95809,24.4358,15.6337,81.358,84.602,15.1093,64.4817,89.0695,59.4343,27.8585,63.3081,29.3682,13.9239,69.9626,25.9695,99.2491,64.7006,89.7027,86.8185,17.926,76.1046,76.7167,57.882,34.8514,33.6052,73.9978,24.1386,74.4494,37.9724,76.6884,9.29861,57.8545,97.021,4.51868,48.1079,67.9684,68.861,73.0072,9.12339,86.2743,57.1705,34.2104,43.3413,64.8528,52.8647,93.7387,90.4847,42.3259,48.4374,46.8616,4.10803,96.5422,50.7274,29.2204,24.8915,35.9037,71.2071,86.8442,20.0992,49.7198,28.8951,86.1652,25.2845,33.9399,36.0236,63.1544,33.2331,75.3395,36.7859,29.1619,56.5852,92.9428,57.0644,79.725,10.3236,30.7183,48.8995,18.6289,29.8319,51.43,53.6704,87.7739,51.7387,2.70031,0.260619,3.41514,77.0897,15.8882,36.5731,0.211181,19.0036,33.8262,44.1984,43.3315,97.7181,91.8382,89.788,78.7322,31.819,88.4874,10.0934,83.2445,38.9151,78.7046,35.8315,71.9548,93.523,77.5956,34.327,4.40413,66.8093,62.3206,96.1815,45.132,85.3478,18.3148,70.6277,23.5876,30.5648,4.8054,49.4144,65.1833,87.0638,58.4121,76.266,39.3363,66.6407,23.3133,90.8291,84.7779,15.9166,89.5736,21.6485,35.629,28.7213,32.6694,95.2788,2.16838,18.0603,42.0639,41.8546,26.9018,26.2344,65.0783,58.5312,95.1075,17.0901,76.2209,50.0469,8.9578,36.1867,15.9197,67.0867,41.5176,12.4761,55.6406,79.3822,35.9809,88.1425,31.7066,33.1308,90.5412,58.8284,66.3708,55.9699,69.6616,34.5558,81.5155,13.6458,56.1676,73.6008,37.959,64.6728,17.6685,80.7144,37.4682,6.21988,1.54425,71.4052,34.8126,3.20937,85.4337,33.7872,53.8143,44.7557,90.0478,29.0166,35.4477,54.6352,24.8811,51.9813,37.2815,67.0329,95.0867,83.1001,13.2733,74.7462,72.8179,45.812,9.42477,5.80737,99.5673,72.5163,84.6335,42.4139,56.9053,45.3193,9.17155,87.7231,91.8166,26.7456,87.5468,70.0645,36.279,72.7523,61.376,93.692,49.7161,28.6047,31.1265,8.01684,15.4316,70.0349,69.0999,86.0256,76.4285,42.3527,4.34743,69.1152,45.9955,79.047,3.71143,19.907,31.1875,71.7333,94.4112,62.1246,54.4426,62.8989,57.9209
5481433376243283,IMU_,8.25155,6.13141,-7.02065,-8.97163,7.98639,0.857854
5481433376291098,Lidar_,10.6503,77.999,1.50783,41.5328,31.1185,64.1972,37.0799,32.138,24.0534,99.393,51.1705,76.0761,0.199671,7.11873,37.004,24.8767,63.2646,89.3369,27.7996,0.109558,98.0108,39.1169,93.76,33.9692,91.9975,80.1061,85.8775,84.8358,78.5964,90.0855,86.6642,79.8773,47.3893,61.6685,35.165,32.359,81.9996,98.2107,15.6686,28.8678,26.5487,49.4795,14.7567,68.3913,47.5201,3.58989,53.7856,55.9425,81.0379,16.144,77.3366,49.8038,16.8956,66.0786,62.113,96.3496,77.1724,23.445,88.7475,1.91937,6.85186,63.553,70.5928,63.2273,67.7447,28.1984,86.4948,67.2906,94.7981,92.0464,3.25682,85.5934,16.5624,53.4768,86.4911,72.7308,32.2386,69.3863,77.433,21.4914,34.9212,61.9407,82.2612,84.4774,46.6777,21.5259,20.7125,13.6083,58.1189,61.024,77.8824,21.257,26.7786,50.9517,12.1144,69.7761,55.9866,29.7106,52.5149,48.1548,48.1558,45.273,96.2099,38.2131,98.9354,21.714,77.1351,6.99256,36.1705,34.1678,30.2897,30.2595,72.6521,33.3286,36.4913,43.2854,80.4011,88.4272,75.4107,44.2974,66.0771,85.9068,66.177,69.2204,43.9345,59.8999,51.9604,92.4696,72.5696,8.64944,18.0871,34.9271,0.824943,25.5307,11.615,37.1819,64.3445,1.22601,1.09536,86.5573,63.5166,48.6408,62.4728,19.3293,21.2391,95.1892,20.8824,42.6849,69.8325,71.2586,97.1454,80.0948,43.4925,43.8311,46.5829,47.5487,77.5265,18.0047,63.4891,41.0852,69.5641,24.1836,18.6979,91.7399,68.819,42.4515,53.4519,84.1629,52.0229,87.4002,79.2813,82.276,63.2701,65.6527,85.1681,26.6371,31.2839,35.008,58.3106,6.27827,30.612,89.5644,41.7451,92.2744,91.5912,90.7816,16.179,84.8444,92.1333,50.2962,69.647,83.1955,16.51,49.7575,56.3975,73.1075,71.6292,41.4778,31.7501,97.3828,71.368,18.9673,52.8255,14.0227,71.2998,63.1146,77.6579,22.926,57.9815,26.3393,28.6542,25.3033,10.2503,94.7105,69.3398,33.1249,81.8473,76.6821,47.7592,90.9005,32.7233,63.3341,41.5901,83.2098,5.23648,99.7257,91.5172,45.0758,0.935624,79.0334,32.2302,86.3835,99.9681,48.2025,89.7242,7.8573,38.6144,42.7928,45.6252,4.39775,91.4755,91.0333,14.2374,44.9384,13.9283,20.868,44.4982,82.914,92.3002,27.0456,62.0295,1.60291,7.57021,36.3801,92.0349,74.6403,65.6752,19.3539,92.8546,24.1009,61.1431,81.7687,55.8102,54.577,25.9144,40.4871,34.8037,98.6603,99.9834,40.726,12.01,33.9072,14.4585,46.8992,3.8934,28.6983,97.9981,91.1199,81.4916,5.6863,16.9353,48.1158,85.5039,66.6641,64.3671,10.4196,79.4829,60.1435,16.0861,88.6466,17.4532,68.1568,42.6106,91.6571,19.595,58.2207,25.971,30.9956,26.436,45.291,55.9689,76.3972,54.4263,91.2254,10.3179,13.7378,8.30264,72.0601,24.0851,73.5567,87.8173,83.0226,63.7027,67.7507,77.5351,70.1684,56.4733,79.8279,86.4212,38.9134,65.342,62.4294,58.6979,50.686,50.1653,25.6292,99.9716,45.9679,49.6775,60.3505,8.92857,67.4273,1.27302,33.2184,3.08466,63.3954,70.7984,7.68479,99.6468,50.0182,20.5775,69.6277,45.6031,79.486,88.0894,39.3365,4.45593,30.3711,52.6444,21.7757,73.0747,28.8492,33.9535,21.8262,96.3394,49.1002,45.1412,18.5587,53.9346,41.4263
5481433377074917,IMU_,-1.66107,-8.3646,8.54145,-3.32133,-9.69053,0.517798
5481433377116080,Lidar_,59.9458,22.526,38.3259,97.3841,73.7083,72.1677,35.9444,46.5659,71.9975,33.4694,44.8386,89.3213,24.7809,44.9878,76.2355,68.6882,31.1985,14.0033,86.4476,83.4038,19.6062,92.493,45.2974,26.8184,22.5883,47.141,69.7398,9.62683,58.3336,15.0884,82.9467,81.3604,66.1006,71.4451,93.4757,24.4967,28.295,58.2324,64.7055,82.7817,22.7302,37.8167,26.3963,10.9042,4.33286,4.35277,37.5674,50.1199,24.5083,17.8442,21.9319,22.9142,76.2034,64.6993,8.40811,25.3553,32.5614,93.3663,3.91821,55.4818,67.5729,54.2279,84.1832,47.1474,6.46472,80.9796,4.53236,83.8689,23.3388,48.5153,36.069,49.5487,99.5476,84.7767,31.2902,11.8882,56.2462,10.8628,47.5129,68.7417,20.561,72.3709,52.8788,90.7801,50.9072,25.4149,53.921,61.5543,28.5778,33.1982,90.1124,27.9636,97.669,36.436,90.7749,29.0326,25.1204,76.1138,63.8526,78.6583,36.9965,29.4945,83.3521,93.9392,23.9264,35.7069,26.7698,18.0312,77.2054,19.2365,61.8084,23.7916,10.1912,86.4039,63.4174,24.8341,46.7169,27.1806,80.3216,59.5675,4.6875,35.2185,76.0487,60.9555,49.7916,53.6623,86.0302,26.9006,74.1521,85.6235,64.6207,11.3,39.7866,64.3028,93.3919,33.1596,38.6095,65.152,12.6195,48.8204,96.854,62.5688,3.53399,60.2192,32.4378,27.7106,70.7495,21.3815,36.0382,10.514,52.8834,74.9643,20.7208,28.94,70.0401,55.4647,36.0329,11.6982,34.8574,12.3222,80.8196,70.9263,13.3693,37.246,41.2274,96.5009,65.3336,20.0451,40.053,81.6213,74.5036,53.8666,26.2309,36.6445,56.2495,10.914,61.1588,30.2208,25.8885,86.8385,24.1387,33.1579,37.4432,6.42659,88.721,82.899,57.833,0.743521,28.4513,98.0604,34.8178,68.4547,92.9796,28.0166,87.9113,62.0137,65.5192,43.4425,10.5171,2.16464,96.5758,91.936,30.0066,54.4778,2.79121,75.1514,20.9785,5.32692,27.2927,30.5052,58.0793,93.6887,21.5662,22.3096,47.6547,98.4223,99.8669,71.7256,75.7814,73.8002,73.3267,46.7583,19.7733,37.1393,73.1992,20.1713,99.5957,34.571,23.1664,57.7186,77.7374,89.7526,83.2148,62.7582,21.7645,97.9121,65.704,9.34143,90.1553,49.7195,96.0736,73.8715,11.6015,52.744,55.2204,48.8623,94.8617,88.144,80.9768,80.3027,4.93591,54.8776,50.3811,31.3104,75.3321,35.635,3.40212,38.2297,65.9913,37.5652,26.7096,33.4801,5.89922,68.2387,65.8804,68.0432,84.1472,78.049,49.8644,44.4804,0.270766,33.6186,7.98293,73.6445,99.1642,22.2747,34.2528,14.952,82.047,80.197,59.7874,11.6495,1.4231,58.4661,80.8917,10.6494,42.8197,12.0387,58.5481,66.363,77.4901,50.4842,48.2781,38.1946,19.508,68.2479,22.7053,96.0686,84.4598,3.70047,70.7705,63.333,51.9097,97.1601,91.0734,71.2558,72.3724,99.7279,23.2244,60.0552,35.87,74.7646,81.3589,7.20056,79.6382,70.6632,10.2901,14.8441,44.131,46.6357,81.4509,4.94102,50.2225,34.7914,6.55293,65.1134,54.4763,1.65226,62.5385,28.3963,77.8774,90.9432,98.2179,81.9554,36.3818,39.2699,13.7629,30.7022,18.9988,57.1253,26.237,95.1003,82.1293,52.1907,41.6797,44.6904,30.0314,59.1113,71.533,46.5691,95.7143,72.0056,33.1257,90.3953,63.4485,94.8086,71.3247,91.2671,22.2732,67.3905
5481433377543118,IMU_,8.82141,1.42836,-8.94454,-0.0379353,0.549696,-8.40339
5481433377571193,Lidar_,25.6631,60.1246,14.4802,19.9598,45.7817,14.5446,76.776,37.1356,74.1753,19.2753,99.884,17.1619,7.68037,89.2785,23.93,33.2427,24.3947,44.9257,64.9023,36.4251,8.30095,60.5504,45.4356,31.9735,67.4247,89.1408,5.99282,13.1254,23.825,28.1326,37.7147,72.3128,24.2863,63.3276,14.0697,49.4106,18.5117,6.17678,45.0713,4.39684,17.3019,29.9733,49.3827,3.59643,93.1739,3.57753,73.995,90.1365,23.9892,3.44001,84.645,48.8402,27.6572,1.25758,30.617,72.9278,8.40405,0.513334,36.9664,7.2431,35.4284,60.6171,61.3361,26.9855,20.9764,90.8129,28.1242,38.9566,8.60804,94.2323,8.41016,33.4822,1.83544,82.7394,70.6643,53.6202,53.7732,54.5454,18.262,48.0518,30.5716,3.34064,89.6326,74.213,3.44491,77.3066,24.9169,41.2445,21.486,75.7734,53.5739,63.6916,30.7279,10.3095,38.9969,95.3987,6.8781,74.1608,93.4182,4.76554,76.5966,48.1249,50.1287,76.2373,37.961,96.5306,65.1945,41.8636,97.884,73.7662,94.6679,82.0042,6.85399,79.2096,92.8927,8.03569,28.0747,85.8508,39.3542,44.8118,14.3846,52.2859,78.7127,17.6858,17.636,53.3759,61.6071,30.8329,4.57152,80.5082,58.183,13.1834,23.8183,54.0089,83.6237,94.1334,38.6863,8.97046,44.7529,81.8777,87.3833,40.8207,12.7725,7.66864,91.7167,89.084,30.8684,21.5687,58.0485,7.5044,60.7835,32.7754,61.6282,94.7785,78.1907,11.228,42.5765,62.6324,38.4783,1.98955,6.22108,73.7732,84.2653,31.6697,38.329,84.9949,30.2341,21.091,79.8436,59.0423,5.00433,5.0028,46.6275,28.8627,63.6864,20.6475,6.75397,26.5485,69.1579,6.95231,41.3739,97.7407,34.4793,67.8232,41.6779,14.8107,73.0054,43.9373,51.3326,5.98827,73.3822,7.21961,22.2235,67.6992,35.9589,57.741,57.3244,97.7037,62.1765,19.5827,26.4417,12.8057,36.5231,90.7719,94.5018,52.5816,19.2183,20.956,92.9672,80.2867,92.0247,52.5157,95.6728,1.46069,9.62839,23.513,42.6357,50.801,70.9495,73.8662,16.5731,46.832,2.07067,2.63903,48.3546,22.6296,81.5446,47.5002,8.52428,44.5835,13.4781,82.1288,61.5984,23.7169,99.8006,49.1548,80.4014,38.7584,62.3753,49.1254,32.345,27.7146,21.6139,53.392,32.9137,91.611,87.2111,94.0796,96.4491,0.975889,76.7022,51.5724,29.9642,87.4933,31.8418,74.0148,30.9897,44.3551,72.8666,18.3725,34.7792,73.2347,63.7195,12.1427,36.1485,97.3904,80.9326,18.1779,64.9153,69.6725,32.7269,31.0741,54.2856,40.5876,62.31,76.2837,62.0398,93.3256,79.3461,93.1028,9.02269,83.9843,16.4194,8.11987,51.1678,96.5176,79.0326,25.8101,99.2259,74.8761,17.3994,17.8887,97.2835,24.1819,89.9155,91.9583,1.99795,52.6987,40.1103,97.3913,42.0789,83.4422,9.14918,22.9839,29.4928,29.1216,27.2864,24.9135,30.9301,16.6497,81.6647,71.964,77.7104,39.7728,80.6023,32.5941,45.128,28.5724,56.0006,8.82143,31.7027,72.8249,61.1433,49.5198,70.622,94.3235,82.4405,6.99113,1.04306,99.3891,80.218,89.5164,41.4979,22.9575,44.8961,23.0742,54.3016,97.1406,24.9429,66.9266,71.643,68.5023,0.137826,22.0339,29.7316,2.33356,60.803,90.3288,55.2215,63.3913,90.3285,7.93955,36.9975,60.9754,95.274,92.0215,37.7364,85.6746,39.81,10.2417
5481433377880793,IMU_,8.56004,-3.53126,2.685,2.98349,-9.24977,9.3912
5481433377906480,Lidar_,61.2105,72.7077,93.641,4.51209,14.1537,66.3807,34.7943,64.6534,81.7776,56.818,1.33728,37.8734,7.18217,66.0151,58.7484,3.54498,31.6097,31.855,17.5672,68.6838,8.77691,9.02638,18.509,29.0567,97.9267,4.72697,29.531,72.7168,91.4932,71.7481,78.2793,71.764,16.107,26.3003,90.2242,60.3537,65.3642,1.69306,16.4975,97.3193,73.2917,75.1338,52.9527,86.2273,31.8753,94.0902,5.68122,37.4629,63.8783,70.5296,63.8073,65.5939,19.7801,18.5338,6.52273,48.2124,3.28706,11.6378,53.5621,17.1013,99.4766,47.4491,54.0023,32.1658,40.715,23.7495,38.8772,54.8021,56.4519,25.3541,7.98434,16.508,18.6171,54.3366,88.0665,19.8722,32.3697,25.6259,80.4792,88.1187,9.04566,81.1978,0.211677,44.5004,89.058,77.912,64.4112,97.2782,98.3863,72.0183,54.1262,2.88012,69.9385,6.22368,96.0178,24.8304,94.8651,98.6403,11.1246,12.7856,7.31647,11.959,41.7138,62.7799,18.8314,76.4449,67.0823,54.3944,37.5495,72.8471,83.5872,2.50792,29.721,2.11948,37.9881,76.8478,28.3011,48.316,88.8941,11.8023,34.5166,1.04802,26.6178,72.3622,66.1767,9.89491,98.3356,91.8434,85.073,3.27485,89.442,14.2992,25.1881,2.27183,7.9882,15.454,17.3763,56.0025,95.0357,91.7493,78.0449,10.7101,27.9358,84.4096,51.6358,65.329,50.3079,70.6464,88.214,64.3648,41.7987,39.6099,0.219226,64.2427,88.0073,71.2716,72.7903,78.1435,47.6175,12.4097,43.6507,59.9674,52.5245,47.2293,3.9432,44.0002,96.9549,31.0734,95.034,39.3207,37.7021,75.6696,39.2355,87.2839,68.9962,11.5774,44.3806,65.006,43.7209,24.8818,9.35589,18.5047,48.3825,35.988,28.6523,92.5973,64.2737,56.477,5.21458,96.5717,21.9342,97.3314,5.15971,33.0368,43.9151,34.4543,92.4032,1.59196,90,91.8413,1.48879,21.4704,95.8972,33.9394,8.76028,29.6824,33.8202,89.395,35.7138,35.8055,49.9376,77.2751,41.8518,6.8791,45.7007,41.9085,4.66344,10.4269,37.582,58.2549,66.659,84.5989,51.1849,81.3831,20.1323,87.3177,64.2218,65.5079,69.8466,6.93097,18.9711,88.3033,8.26035,96.3251,72.2598,71.7476,51.7952,23.165,1.73769,34.6091,71.9385,98.8336,0.649377,6.13237,81.1624,18.2026,98.0563,74.2675,38.2958,74.5078,2.83916,85.9423,48.0435,26.721,45.545,87.819,72.6746,7.05398,42.9306,26.7007,52.3919,93.6136,93.3825,88.6899,50.5537,74.8385,26.475,13.2433,81.9353,29.967,77.4312,74.3544,27.3594,32.3669,27.542,11.5524,9.25147,15.2268,76.7488,41.9952,29.5628,39.4223,56.0761,43.8296,84.6068,99.3344,43.2529,84.3663,43.464,73.9844,0.721408,27.4494,17.8031,32.8314,36.7167,52.9604,26.6465,52.7279,60.1491,43.3847,77.5574,7.55269,39.7844,76.7573,93.3542,18.7631,24.2379,64.7019,11.9533,22.3552,28.7466,66.1701,47.1629,24.8012,26.0111,5.91223,32.6608,13.6145,75.1755,44.2299,61.4911,14.742,59.1227,18.2819,21.804,54.872,44.3227,32.6556,53.4749,80.3251,29.8947,94.4376,77.8972,46.2222,64.6661,71.0559,32.5673,88.526,55.3962,96.9278,92.2962,23.432,6.82485,73.4919,34.0163,22.6843,79.4066,31.5951,54.8569,63.644,82.1532,39.777,84.5275,62.5036,37.105,16.9639,2.92577,90.3433,57.9433,50.0312
5481433378118280,IMU_,6.49379,-2.43305,0.562564,-8.52483,8.72486,6.93416
5481433378141767,Lidar_,3.26022,94.6461,19.0351,86.5881,82.4852,30.8969,36.4636,93.5872,46.3802,21.0151,68.1298,49.1461,44.5431,77.7413,1.40692,1.05334,66.1187,73.0325,98.8822,51.8936,4.53953,54.7198,62.9878,18.1458,78.9355,2.58316,61.3699,82.0198,33.7554,11.7541,96.3737,66.6026,96.1216,50.7373,51.8039,8.79562,49.6335,42.6261,46.3917,92.155,35.9551,40.2228,4.15006,57.7962,86.3811,4.72143,52.573,69.2762,12.3591,32.8586,25.4947,87.1906,90.547,11.8265,16.5368,46.1157,67.0385,84.646,94.578,31.8991,30.8085,6.22932,99.1835,82.7058,24.221,76.7625,11.524,80.8355,51.6129,49.8058,83.8982,29.0664,14.7282,84.2972,13.8568,43.8826,34.9361,11.8322,47.9736,21.1623,20.9509,31.6988,82.3173,67.8202,58.4793,46.1674,56.355,77.3459,22.47,29.9016,6.02892,18.8192,41.0758,60.7178,9.85266,63.344,74.9615,42.9535,92.8327,89.8992,28.0584,61.3637,64.0751,33.6615,35.8878,67.147,31.158,96.7512,93.2006,22.6017,14.2208,9.04251,46.8845,76.3443,74.0111,81.9203,36.384,72.3368,72.5735,90.4861,56.2832,46.1534,3.69401,5.87595,69.2374,4.96047,51.1591,94.843,46.441,6.05191,39.27,63.4989,81.6634,31.0461,82.6783,15.6004,21.2161,69.7454,39.5342,18.9253,81.7165,66.9198,80.3891,46.8872,80.7396,42.3088,64.1055,70.5977,88.3292,14.8917,75.7601,53.6922,63.8845,21.2098,95.6161,60.8652,74.105,49.263,55.924,72.0292,4.6188,90.1644,9.1401,14.1433,95.912,76.1444,73.5376,65.622,74.0701,96.4204,53.1554,77.0485,13.5054,24.3004,94.0869,59.2208,80.5371,48.1864,11.4043,63.6226,19.6567,26.611,67.9066,0.0172707,5.0119,77.9822,6.96206,20.0315,41.8789,29.8813,13.2055,39.9938,54.1302,27.2353,73.7538,94.8489,30.0376,24.9699,94.4051,59.3028,81.3377,63.0149,76.2062,89.4708,53.7431,28.014,63.7269,81.571,24.4314,13.1845,44.5523,93.4412,61.7816,16.7706,52.4395,60.3634,34.1984,2.86016,19.8463,93.7856,21.4689,94.155,84.8301,38.9465,33.7971,92.6285,83.2707,87.3791,16.346,74.2,38.9835,70.935,32.3113,92.5881,16.1537,55.2432,14.7628,8.08692,28.5059,83.5069,18.4349,83.7813,55.7607,52.7373,76.9029,49.2403,12.8766,89.3687,75.5973,91.6656,20.84,90.7148,19.0876,64.8949,0.307957,18.5189,54.6349,36.413,70.7049,49.5275,31.834,52.4282,86.3538,27.9922,20.4254,43.3912,95.181,44.5125,0.205458,99.5565,17.532,29.7218,12.4548,97.7789,49.1005,51.0667,60.5962,7.01832,45.3272,70.3095,9.33619,1.10801,0.960837,35.0806,92.5198,56.6475,9.57904,27.3981,52.0715,61.5307,34.6452,92.2048,11.1687,36.5894,4.85101,86.3955,23.0504,40.2938,74.4429,75.2582,53.2095,17.9558,88.0206,59.6788,43.8553,82.8862,37.725,57.2176,94.4506,11.1513,33.5765,48.1826,52.5468,11.826,53.2447,59.8275,84.0817,90.6932,47.2341,7.44784,33.6994,6.44544,95.8032,38.1555,32.2147,77.3499,59.159,30.7616,78.0931,90.4308,80.5712,99.8861,73.1602,81.6385,20.1074,74.0538,76.1569,35.5544,5.23849,35.5649,53.0756,56.2006,96.6521,1.4677,57.1501,53.0603,37.5406,21.947,4.69752,73.8147,48.3984,72.4608,49.2748,83.0264,66.0557,56.5721,97.7921,24.3097,73.4866,60.291
5481433378398239,IMU_,-6.21042,3.93621,2.82784,-2.93505,6.32755,4.33726
5481433378421767,Lidar_,26.3849,46.7208,59.9381,29.5534,51.0527,8.01964,99.1993,9.33074,16.8997,50.0716,90.7402,32.9446,79.5965,11.9611,93.063,20.7678,55.0393,60.6787,50.5857,14.0252,45.1637,28.8976,78.2526,82.33,40.8367,7.23593,10.4061,43.2574,8.57596,49.0793,45.1206,66.6981,45.8307,90.7856,57.7934,23.3174,49.4449,80.5225,36.1232,35.4279,47.7855,98.0905,88.9393,27.6832,90.535,11.9045,17.2258,51.9951,4.99548,74.3005,73.4154,2.72071,88.972,90.7847,26.9675,32.5604,37.2776,73.6096,97.1989,7.45428,26.4838,35.7612,13.2564,53.513,58.2236,66.1167,83.5163,64.3877,50.0835,22.705,29.4624,74.8284,86.8785,49.6857,43.1449,7.60684,61.8659,62.7198,30.6861,72.7098,25.7208,58.4224,34.7111,64.6005,43.2469,42.3498,6.08467,19.4272,44.8552,90.8357,65.3286,37.4644,64.7104,80.7673,96.1919,80.2116,45.9169,36.1188,92.1934,80.6595,58.1217,31.3331,82.4377,76.7185,96.6759,74.7502,8.15089,16.702,52.4892,32.8444,80.6659,6.87153,61.5166,7.09487,66.9007,26.3751,52.9895,8.41423,85.4574,60.1571,9.32823,5.36019,10.4988,37.5958,11.3114,55.1213,95.27,42.122,15.5156,83.5005,79.9006,19.3963,0.83193,56.3982,46.3943,53.3142,94.2145,83.376,81.5686,44.0534,46.3892,24.3196,13.0144,61.2769,76.38,54.081,3.23139,83.2977,7.98586,54.6903,57.1776,18.0667,94.7024,61.7511,96.0139,22.9929,38.6148,25.0719,70.0943,98.3993,52.8143,55.6903,84.7796,63.0231,9.74524,89.2089,55.6471,42.3292,43.3565,83.855,17.5527,65.7045,35.3973,50.0085,65.7765,60.8876,57.0731,23.7215,91.6483,4.878,46.0012,23.8758,52.5941,68.8815,94.8484,53.8622,73.7623,69.2559,82.013,21.4792,2.69048,98.6811,4.01937,40.0939,85.96,70.6898,42.2445,91.7016,51.2333,1.60683,12.7696,93.5933,65.4554,77.2676,75.2856,62.4858,45.2639,91.1424,88.537,28.22,27.0553,67.2673,63.9101,97.2912,24.6771,77.5629,43.1498,93.9431,57.5298,48.0422,34.5283,65.8755,9.33689,85.5719,81.3131,92.2405,2.39252,5.89568,69.263,96.7717,89.6127,98.366,50.0153,31.8364,75.2026,17.0328,27.5309,34.1999,76.0845,11.3866,16.5281,11.153,91.3251,12.1931,65.8106,7.91329,61.6548,7.12679,14.1021,80.5749,13.9912,60.7055,96.5474,56.7097,98.1293,32.8596,36.6713,53.3802,37.5028,94.178,20.0227,48.7356,62.6781,64.6065,72.8544,56.5344,87.9664,99.3786,33.6196,5.06917,57.8512,64.9135,58.5769,74.1097,43.2513,3.83283,56.9124,95.1168,92.5431,18.8631,24.2407,26.1417,80.8428,81.0503,44.8311,57.4587,3.03507,28.6385,75.0092,84.9758,71.7151,77.2654,38.3638,64.8705,51.277,45.8657,22.2867,13.4826,69.7072,16.7783,22.7844,25.1276,99.63,4.98555,50.9888,64.1099,34.6752,92.9536,67.3077,29.3264,38.1629,41.6079,67.0471,45.1702,49.0832,33.0047,67.6621,70.0203,88.6785,13.1476,6.70392,79.3341,67.5961,11.8815,88.1688,80.1143,89.8816,30.0988,81.2614,0.282986,53.8011,43.3038,90.7322,50.4878,35.2235,19.6707,96.7565,28.2371,51.8949,58.6746,99.2796,13.5222,16.7542,14.8101,35.9995,20.4095,33.248,24.0661,23.8036,89.2316,92.163,90.0917,61.6745,59.2383,6.10567,36.6005,85.1411,16.6176,98.207,94.4668
